{
  "val_loss": 0.003732118333123394,
  "train_loss": 0.00358645187811457,
  "epoch": 120
}