{
  "model": {
    "mae": 0.0012946100905537605,
    "rmse": 0.002836992498487234,
    "psnr": 58.17926108008403,
    "ssim": 0.9984475154826016,
    "slope_rmse": 0.0031367354094982147
  },
  "bicubic": {
    "mae": 0.006968628615140915,
    "rmse": 0.011961715295910835,
    "psnr": 45.6805552510055,
    "ssim": 0.9522476785930526,
    "slope_rmse": 0.012053115293383598
  },
  "split": "holdout",
  "n_tiles": 42
}