{
  "val_loss": 0.03802912806471189,
  "train_loss": 0.038140516180325955,
  "epoch": 20
}