{
  "model": {
    "mae": 0.027996743097901344,
    "rmse": 0.03611522167921066,
    "psnr": 44.04750405691493,
    "ssim": 0.9922718451646301,
    "slope_rmse": 0.0700540617108345
  },
  "bicubic": {
    "mae": 0.1317860633134842,
    "rmse": 0.16524635255336761,
    "psnr": 30.83867174509384,
    "ssim": 0.8017966176648142,
    "slope_rmse": 0.33127716183662415
  },
  "split": "holdout",
  "n_tiles": 160
}